language,filename,blank,comment,code,"github.com/AlDanial/cloc v 2.06  T=3.20 s (260.2 files/s 162370.0 lines/s)"
JSON,./backend/scripts/analysis_results/db_complete_dump.json,0,0,152116
CSS,./frontend/assets/vendor/css/core.css,1602,278,26005
CSS,./frontend/assets/vendor/fonts/iconify-icons.css,2431,0,7323
JavaScript,./frontend/assets/js/data/exercise-seed-data.js,2,5,4207
HTML,./frontend/tables-basic.html,83,81,4194
CSV,./Exercises.csv,0,0,2584
CSV,./Exercises_Classified.csv,0,0,2584
HTML,./frontend/workout-mode-logbook-demo.html,358,66,2483
JavaScript,./frontend/assets/js/components/unified-offcanvas-factory.OLD.js,345,389,2284
CSS,./frontend/assets/css/workout-mode.css,440,219,1862
HTML,./frontend/ui-dropdowns.html,84,78,1639
CSS,./frontend/assets/css/workout-builder.css,353,210,1636
HTML,./frontend/ui-modals.html,69,81,1563
JSON,./backend/scripts/firestore_structure_full.json,0,0,1535
JSON,./backend/scripts/analysis_results/user_data_complete.json,0,0,1531
JavaScript,./frontend/assets/js/dashboard/workouts.js,305,365,1378
JavaScript,./frontend/assets/js/controllers/workout-mode-controller.js,324,662,1360
CSS,./frontend/assets/css/logbook-theme.css,266,232,1343
Markdown,./plans/WEIGHT_LOGGING_FRONTEND_INTEGRATION_PLAN.md,331,14,1342
HTML,./frontend/cards-basic.html,65,69,1290
CSS,./frontend/assets/css/ghost-gym-custom.css,285,135,1275
HTML,./frontend/forms-basic-inputs.html,62,60,1257
JavaScript,./frontend/assets/js/config/bottom-action-bar-config.js,125,182,1227
JavaScript,./frontend/js/dashboard-v3 2.js,212,90,1207
HTML,./frontend/forms-input-groups.html,92,61,1196
HTML,./frontend/assets/img/icons/muscles/mycollection/license/license.html,4,0,1170
JavaScript,./frontend/assets/js/components/offcanvas/offcanvas-exercise.js,186,157,1147
HTML,./frontend/ui-offcanvas.html,62,59,1119
SCSS,./frontend/scss/_bootstrap-extended/_utilities.scss,45,72,1109
JavaScript,./frontend/assets/js/components/workout-editor.js,249,284,1108
HTML,./frontend/ui-list-groups.html,54,69,1093
HTML,./frontend/ui-progress.html,59,61,1085
HTML,./frontend/ui-buttons.html,65,59,1066
HTML,./frontend/ui-typography.html,60,57,1061
HTML,./frontend/ui-tabs-pills.html,58,55,1050
Markdown,./plans/WEIGHT_LOGGING_WORKOUT_BUILDER_INTEGRATION.md,226,2,1033
JavaScript,./frontend/assets/js/services/workout-session-service.js,244,432,1031
HTML,./frontend/ui-toasts.html,70,57,1009
HTML,./frontend/ui-pagination-breadcrumbs.html,54,64,1001
CSS,./frontend/assets/css/bottom-action-bar.css,165,133,987
CSS,./frontend/assets/css/dashboard-demo.css,205,90,941
HTML,./frontend/pages-account-settings-connections.html,53,54,940
HTML,./frontend/pages-account-settings-account.html,54,53,932
HTML,./frontend/form-layouts-horizontal.html,53,54,884
HTML,./frontend/ui-collapse.html,54,52,870
HTML,./frontend/icons-boxicons.html,56,53,869
Python,./backend/main(1).py,164,125,865
HTML,./frontend/ui-badges.html,59,55,859
HTML,./frontend/ui-accordion.html,57,53,854
Markdown,./plans/UNIFIED_OFFCANVAS_IMPLEMENTATION_GUIDE.md,180,3,850
HTML,./frontend/ui-tooltips-popovers.html,55,55,849
HTML,./frontend/form-layouts-vertical.html,53,52,848
Python,./backend/services/firestore_data_service.py,244,126,847
HTML,./frontend/pages-account-settings-notifications.html,53,53,847
Python,./backend/models.py,210,101,844
HTML,./frontend/ui-navbar.html,61,55,837
HTML,./frontend/ui-carousel.html,55,53,824
Markdown,./plans/WEIGHT_LOGGING_DATABASE_ARCHITECTURE.md,152,0,824
HTML,./frontend/ui-spinners.html,58,58,822
JSON,./backend/scripts/firestore_workout_analysis.json,0,0,816
HTML,./frontend/extended-ui-text-divider.html,57,61,816
HTML,./frontend/extended-ui-perfect-scrollbar.html,56,57,793
CSS,./frontend/assets/css/components/dark-mode.css,226,135,791
HTML,./frontend/_archive/demo-pages/bottom-nav-demo-alt.html,104,15,788
HTML,./frontend/ui-footer.html,56,55,784
JavaScript,./frontend/assets/js/components/offcanvas/offcanvas-workout.js,106,140,783
JavaScript,./frontend/assets/js/firebase/data-manager.js,161,105,765
HTML,./frontend/ui-alerts.html,65,55,760
Markdown,./plans/WEIGHT_EDITOR_UNIT_SWITCHING_PLAN.md,153,8,751
Markdown,./plans/WEIGHT_TRACKING_IMPLEMENTATION_PLAN.md,117,5,747
Markdown,./plans/EXERCISE_SEARCH_ENHANCEMENT_IMPLEMENTATION_PLAN.md,180,2,746
SCSS,./frontend/scss/_bootstrap-extended/_variables.scss,248,154,744
CSS,./frontend/assets/css/components/unified-offcanvas.css,180,112,740
HTML,./frontend/workout-builder.html,139,80,732
Markdown,./plans/BONUS_EXERCISE_IMPLEMENTATION_GUIDE.md,165,9,730
HTML,./frontend/layouts-container.html,53,53,721
SCSS,./frontend/scss/_components/_layout.scss,126,85,720
JavaScript,./frontend/js/firebase/data-manager.js,156,92,718
HTML,./frontend/layouts-fluid.html,53,53,718
Markdown,./plans/WORKOUT_MODE_PRE_SESSION_EDITING_AND_REORDER_PLAN.md,188,21,718
JavaScript,./frontend/assets/js/components/offcanvas/offcanvas-forms.js,105,140,701
Markdown,./plans/BONUS_EXERCISE_DEMO_STYLE_MIGRATION_PLAN.md,153,16,701
Markdown,./plans/WORKOUT_BUILDER_POPOVER_REDESIGN.md,170,12,699
SCSS,./frontend/scss/_components/_menu.scss,87,30,676
JavaScript,./frontend/assets/js/dashboard/exercises.js,107,125,669
JSON,./backend/scripts/firestore_structure.json,0,0,667
Markdown,./plans/SEARCH_NAVBAR_INTEGRATION_PLAN.md,141,9,663
Markdown,./plans/WORKOUT_DATA_PERSISTENCE_ENHANCEMENT_ARCHITECTURE.md,168,0,658
Markdown,./plans/WORKOUT_DATA_PERSISTENCE_PHASE_2_IMPLEMENTATION_PLAN.md,136,2,657
JavaScript,./frontend/js/app-v2.js,113,65,653
Markdown,./plans/WORKOUT_MODE_REORDER_REDESIGN_COMPLETE.md,181,0,653
CSS,./frontend/assets/vendor/libs/apex-charts/apex-charts.css,109,4,651
Markdown,./plans/ADD_EXERCISE_OFFCANVAS_REBUILD_PLAN.md,134,4,642
JavaScript,./frontend/assets/js/components/offcanvas/offcanvas-feedback.js,117,86,640
Markdown,./plans/WORKOUT_MODE_REFACTORING_PLAN.md,147,1,634
HTML,./frontend/program-manager.html,53,52,633
Markdown,./plans/WORKOUT_HISTORY_IMPLEMENTATION_PLAN.md,149,19,631
HTML,./frontend/layouts-without-navbar.html,47,46,630
Markdown,./plans/PHASE_9_IMPLEMENTATION_COMPLETE.md,161,0,625
JavaScript,./frontend/assets/js/components/exercise-card-renderer.js,72,125,619
HTML,./frontend/_archive/demo-pages/bottom-nav-demo.html,87,13,616
JavaScript,./frontend/js/helpers.js,152,100,608
Markdown,./plans/WEIGHT_LOGGING_FRONTEND_PHASE_1_COMPLETE.md,125,1,606
JavaScript,./frontend/assets/js/components/feedback-offcanvas-standalone.js,95,49,603
Markdown,./plans/RECENT_WORKOUTS_DASHBOARD_ARCHITECTURE.md,147,7,597
Markdown,./plans/WORKOUT_MODE_CONTROLLER_REFACTORING_PLAN.md,158,0,567
JavaScript,./frontend/assets/js/dashboard/workout-database.js,153,220,564
CSS,./frontend/assets/css/navbar-custom.css,117,84,553
Markdown,./plans/WORKOUT_MODE_REFACTORING_LEAN_PLAN.md,138,0,536
Markdown,./plans/WORKOUT_MODE_REORDER_OFFCANVAS_REDESIGN.md,130,4,536
Markdown,./plans/SEARCH_UI_AUDIT_AND_STANDARDIZATION.md,131,13,533
CSS,./frontend/assets/css/components/feedback-offcanvas.css,123,61,532
HTML,./frontend/feedback-voting.html,118,54,530
Markdown,./plans/BOTTOM_NAV_SEARCH_SLIDE_ARCHITECTURE.md,116,0,530
CSS,./frontend/assets/css/workout-database.css,133,102,528
Markdown,./plans/UNIFIED_EDIT_MODE_PLAN.md,141,14,522
JavaScript,./frontend/js/firebase/migration-ui.js,123,74,518
Markdown,./plans/FEEDBACK_POPOVER_CONVERSION_PLAN.md,97,14,518
JavaScript,./frontend/assets/js/services/bottom-action-bar-service.js,111,161,515
Markdown,./plans/PHASE_4_BONUS_EXERCISE_REFACTORING.md,134,4,511
Markdown,./plans/WORKOUT_SESSION_PERSISTENCE_IMPLEMENTATION_PLAN.md,133,3,506
Markdown,./plans/REPSSETS_SINGLE_TEXT_FIELD_PLAN.md,119,13,502
Markdown,./plans/BOTTOM_OFFCANVAS_UNIFICATION_ANALYSIS.md,113,1,500
Markdown,./plans/UNIFIED_OFFCANVAS_REFACTORING_PLAN.md,134,0,499
Markdown,./plans/WORKOUT_SHARING_PHASE_1_IMPLEMENTATION_PLAN.md,124,0,495
HTML,./frontend/programs.html,83,51,491
HTML,./frontend/feedback-admin.html,78,48,488
Markdown,./plans/WORKOUT_CARD_LIVE_EDIT_AND_COMPLETE_PLAN.md,100,0,487
Markdown,./plans/TWO_OFFCANVAS_EXERCISE_SEARCH_REUSABLE_ARCHITECTURE.md,71,10,481
Markdown,./plans/AUTO_CREATE_CUSTOM_EXERCISES_ARCHITECTURE.md,117,0,480
HTML,./backend/uploads/program_Test_Program_20250914_230232.html,108,16,478
JavaScript,./frontend/assets/js/dashboard/workout-history.js,72,86,476
Markdown,./plans/WEIGHT_LOGGING_FRONTEND_PHASE_2_COMPLETE.md,122,0,476
Markdown,./plans/ADD_EXERCISE_OFFCANVAS_REBUILD_COMPLETE.md,118,4,474
Markdown,./plans/QUICK_NOTES_POPOVER_ARCHITECTURE.md,97,3,472
Markdown,./plans/WORKOUT_SHARING_SERVICE_IMPLEMENTATION.md,122,0,472
Markdown,./plans/WEIGHT_FIELD_MORPH_PATTERN_IMPLEMENTATION.md,99,2,468
HTML,./backend/templates/html/gym_log_template.html,68,20,466
HTML,./backend/uploads/gym_log_Push_Day_20250811_230500.html,68,20,466
Markdown,./plans/USER_DASHBOARD_IMPLEMENTATION_PLAN.md,84,0,458
Markdown,./plans/EXERCISE_HISTORY_TABLE_REDESIGN.md,85,6,457
Markdown,./plans/CSS_CONSISTENCY_ANALYSIS.md,109,6,455
Markdown,./plans/WORKOUT_MODE_LOGBOOK_V2_IMPLEMENTATION_PLAN.md,124,11,455
JavaScript,./frontend/js/menu.js,125,17,454
HTML,./backend/templates/html/program_template.html,68,16,453
Markdown,./plans/MIGRATION_MODAL_BUG_FIX.md,117,0,448
Markdown,./plans/WORKOUT_MODE_EDITING_AND_REORDER_PHASE3_COMPLETE.md,116,0,448
Markdown,./plans/WORKOUT_CARD_SKIP_EDIT_BUTTONS_PLAN.md,83,2,446
JavaScript,./frontend/assets/js/components/share-modal.js,106,52,443
JavaScript,./frontend/assets/js/components/filter-bar.js,77,33,441
JavaScript,./frontend/assets/js/components/navbar-template.js,87,99,441
HTML,./frontend/_archive/demo-pages/workout-sessions-demo.html,87,47,440
Markdown,./plans/DATABASE_STRUCTURE_AND_RELATIONSHIPS.md,77,0,439
Markdown,./plans/LOGBOOK_V2_COMPLETE_STATUS_REVIEW.md,141,0,439
Markdown,./plans/EXERCISE_CARD_STREAMLINED_UX_PLAN.md,76,3,438
Markdown,./plans/WEIGHT_LOGGING_VERIFICATION_AND_NEXT_STEPS.md,120,3,438
Python,./backend/api/migration.py,81,43,437
Markdown,./plans/WEIGHT_LOGGING_IMPLEMENTATION_PLAN.md,108,0,437
Markdown,./plans/PHASE_9_LOGBOOK_V2_IMPLEMENTATION_PROMPT.md,117,0,433
Markdown,./plans/WORKOUT_MODE_EDITING_REORDER_CODE_REVIEW_RESULTS.md,149,0,433
Markdown,./plans/PHASE_4_IMPLEMENTATION_READY.md,125,0,432
Python,./backend/scripts/inspect_firestore_full.py,111,139,429
JavaScript,./frontend/assets/js/components/exercise-autocomplete.js,90,145,429
Markdown,./plans/PHASE_8_DUPLICATE_BOTTOM_BAR_FIX_PLAN.md,113,11,429
Markdown,./plans/FRONTEND_REFACTORING_PLAN.md,90,14,422
Markdown,./plans/USER_PROFILE_PAGE_ARCHITECTURE.md,103,0,420
Markdown,./plans/EXERCISE_SEARCH_UX_BEST_PRACTICES_AUDIT.md,105,0,419
Markdown,./plans/USER_DASHBOARD_IMPLEMENTATION_SUMMARY.md,92,0,418
CSS,./frontend/assets/css/feedback-voting.css,103,59,416
Markdown,./plans/PHASE_8_FAB_AND_TIMER_FIX_PLAN.md,98,3,415
Markdown,./plans/WORKOUT_MODE_REFACTORING_COMPLETE.md,111,13,412
Markdown,./plans/INLINE_REST_TIMER_IMPLEMENTATION_PLAN.md,91,0,410
Markdown,./plans/WORKOUT_SHARED_COMPONENTS_IMPLEMENTATION_GUIDE.md,69,6,409
Markdown,./plans/UNIFIED_EDITOR_V3_BUG_FIX_AND_UI_REDESIGN_PLAN.md,111,4,408
Markdown,./plans/ADD_EXERCISE_UX_REDESIGN_PLAN.md,72,17,407
Markdown,./plans/EXERCISE_SEARCH_OPTIMIZATION_PLAN.md,107,0,407
Markdown,./plans/WORKOUT_SHARING_TESTING_CHECKLIST.md,188,0,407
Python,./backend/scripts/comprehensive_db_analysis.py,93,53,406
JavaScript,./frontend/assets/js/dashboard/dashboard-demo.js,80,92,406
Markdown,./plans/SEARCH_FAB_MORPH_ANIMATION_ARCHITECTURE.md,81,5,404
JavaScript,./frontend/assets/js/components/feedback-dropdown.js,78,99,401
Markdown,./plans/UNIFIED_OFFCANVAS_REFACTORING_V3.md,91,0,401
Markdown,./plans/UNIFIED_OFFCANVAS_REFACTORING_COMPLETE.md,125,4,399
Markdown,./plans/WORKOUT_DATA_PERSISTENCE_PHASE_3_COMPLETE.md,131,9,399
Markdown,./plans/WORKOUT_SHARING_PHASE_2_IMPLEMENTATION_COMPLETE.md,101,0,399
HTML,./frontend/index.html,71,56,396
Markdown,./plans/PHASE_8_BUG_FIX_IMPLEMENTATION_COMPLETE.md,89,1,395
Markdown,./plans/TOP_NAVBAR_IMPLEMENTATION_SUMMARY.md,130,16,394
Markdown,./plans/WORKOUT_MODE_REFACTORING_ANALYSIS.md,109,1,394
Markdown,./plans/PHASE_4_EXERCISE_CARD_RENDERER_V2_PLAN.md,76,17,393
Markdown,./plans/CUSTOM_EXERCISE_AUTO_CREATE_SEARCH_PRIORITY_PLAN.md,116,0,392
Markdown,./plans/FILE_SPLIT_IMPLEMENTATION_PLAN.md,118,2,390
Markdown,./plans/CSS_VERIFICATION_AND_CONSOLIDATION_PLAN.md,112,0,389
Markdown,./plans/EXERCISE_HISTORY_COMPARISON_PLAN.md,77,0,388
JavaScript,./frontend/assets/js/dashboard/programs.js,82,99,386
Markdown,./plans/WORKOUT_HISTORY_ARCHITECTURE.md,80,2,386
Markdown,./plans/WEIGHT_LOGGING_IMPLEMENTATION_SUMMARY.md,119,0,385
Markdown,./plans/AUTO_CREATE_CUSTOM_EXERCISES_INTEGRATION_GUIDE.md,119,0,384
JavaScript,./frontend/assets/js/components/data-table.js,78,43,379
JavaScript,./frontend/assets/js/dashboard/exercise-history-demo.js,65,80,378
Markdown,./plans/USER_PROFILE_IMPLEMENTATION_SUMMARY.md,103,0,378
Markdown,./plans/WORKOUT_CARD_LIVE_EDIT_COMPLETE_IMPLEMENTATION.md,102,3,373
Markdown,./plans/WORKOUT_MODE_REORDER_REDESIGN_PROGRESS.md,115,0,372
CSS,./frontend/assets/css/components/bonus-exercise-offcanvas.css,85,48,371
JavaScript,./frontend/assets/js/components/modal-manager.js,60,75,370
Markdown,./plans/EDIT_EXERCISE_OFFCANVAS_REDESIGN_PLAN.md,83,0,370
Markdown,./plans/UNIFIED_EDITOR_V2_SHARED_BUTTONS_IMPLEMENTATION_COMPLETE.md,90,3,369
Markdown,./plans/WORKOUT_BUILDER_AUTO_CREATE_ARCHITECTURE.md,100,0,369
JavaScript,./frontend/js/firebase/sync-manager.js,103,58,368
Markdown,./plans/WORKOUT_MODE_REORDER_TOGGLE_IMPLEMENTATION_COMPLETE.md,103,1,368
JavaScript,./frontend/assets/js/services/exercise-cache-service.js,72,11,366
Markdown,./plans/AUTO_CREATE_CUSTOM_EXERCISES_EXTENSION_PLAN.md,78,0,362
Markdown,./plans/WORKOUT_MODE_EDITING_AND_REORDER_PHASE1_2_COMPLETE.md,90,2,362
Markdown,./plans/WORKOUT_MODE_PHASE_6_PLAN.md,81,0,362
Python,./backend/api/programs.py,73,49,361
Markdown,./plans/BOTTOM_OFFCANVAS_UNIFICATION_IMPLEMENTATION_GUIDE.md,74,9,359
Markdown,./plans/EXERCISE_CARD_EXPANDED_BODY_REDESIGN.md,74,9,359
Markdown,./plans/EXERCISE_DATABASE_INTEGRATION.md,115,0,359
Markdown,./plans/WORKOUT_DATA_PERSISTENCE_PHASE_1_COMPLETE.md,91,0,359
Python,./backend/services/exercise_service.py,116,151,358
Markdown,./plans/FEEDBACK_SYSTEM_ARCHITECTURE.md,79,0,358
Markdown,./plans/WORKOUT_MODE_COMPREHENSIVE_AUDIT.md,114,0,358
Markdown,./plans/WORKOUT_MODE_DEMO_V2_MIGRATION_PLAN.md,80,9,358
Markdown,./plans/FEEDBACK_SYSTEM_IMPLEMENTATION_GUIDE.md,96,5,355
HTML,./frontend/share.html,88,41,354
Markdown,./plans/BOTTOM_NAV_ALTERNATIVE_IMPLEMENTATION_PLAN.md,73,0,354
Markdown,./plans/WORKOUT_SHARING_PHASE_3_ROADMAP.md,137,0,354
JavaScript,./frontend/assets/js/services/workout-exercise-operations-manager.js,79,141,353
JavaScript,./frontend/assets/js/controllers/weight-field-controller.js,68,123,352
JavaScript,./frontend/assets/js/components/workout-list-component.js,69,85,351
JavaScript,./frontend/js/firebase/auth-ui.js,104,26,351
Markdown,./plans/WORKOUT_MODE_UI_IMPROVEMENTS.md,76,8,351
Markdown,./plans/STICKY_FOOTER_OVERLAP_FIX_PLAN.md,76,0,350
Markdown,./plans/WEIGHT_PROGRESSION_INDICATOR_PLAN.md,86,0,348
Markdown,./plans/WORKOUTS_JS_REFACTORING_ANALYSIS.md,90,0,348
Markdown,./plans/WORKOUT_SHARED_COMPONENTS_ARCHITECTURE.md,70,0,348
Markdown,./plans/WEIGHT_DIRECTION_NOTES_UX_IMPLEMENTATION_COMPLETE.md,87,0,347
Markdown,./plans/SEARCH_OVERLAY_SHARED_COMPONENT_COMPLETE.md,79,0,346
Markdown,./plans/UPDATE_TEMPLATE_FROM_WORKOUT_MODE_PLAN.md,80,0,346
Markdown,./plans/WORKOUT_MODE_REFACTORING_PHASE_2_COMPLETE.md,90,1,346
Markdown,./plans/WORKOUT_MODE_PHASE_5_PLAN.md,73,0,344
Markdown,./plans/WORKOUT_MODE_REFACTORING_PHASE_3_COMPLETE.md,105,4,344
Markdown,./plans/WEIGHT_LOGGING_UX_IMPROVEMENT_20251107.md,74,0,343
Markdown,./plans/WORKOUT_MODE_PHASE_5_COMPLETE.md,77,1,342
Markdown,./plans/WORKOUT_MODE_REORDER_AND_TIMER_ANALYSIS.md,103,0,342
Markdown,./plans/TOP_NAVBAR_ARCHITECTURE.md,90,9,340
Markdown,./plans/NOTES_BUTTON_FIX_PLAN.md,109,0,339
CSS,./frontend/assets/css/components/data-table.css,83,47,338
Markdown,./plans/FEEDBACK_DROPDOWN_MOBILE_REDESIGN.md,90,0,337
Markdown,./plans/BONUS_EXERCISE_SEARCH_FILTER_SORT_IMPLEMENTATION.md,79,1,336
Markdown,./plans/WORKOUT_MODE_FULL_CARD_DRAG_IMPLEMENTATION.md,99,0,336
Markdown,./plans/WORKOUT_LOGBOOK_DEMO_UI_UPDATE_PLAN.md,87,11,335
Python,./backend/services/unified_data_service.py,65,73,334
Markdown,./plans/WORKOUT_MODE_REORDER_AND_TIMER_FIX_COMPLETE.md,137,0,334
Markdown,./plans/QUICK_NOTES_POPOVER_IMPLEMENTATION_COMPLETE.md,103,2,333
Markdown,./plans/BACKEND_INTEGRATION_VERIFICATION.md,103,0,332
Markdown,./plans/FLOATING_FAB_STANDARDIZATION_PLAN.md,50,0,332
Markdown,./plans/QUICK_NOTES_IMPLEMENTATION_STATUS.md,95,0,332
Markdown,./plans/WORKOUT_HISTORY_IMPLEMENTATION_SUMMARY.md,92,0,332
JavaScript,./frontend/assets/js/components/feedback-modal.js,65,92,330
Python,./backend/services/sharing_service.py,103,94,329
Markdown,./plans/WORKOUT_MODE_SETTINGS_OFFCANVAS_IMPLEMENTATION.md,88,0,329
Markdown,./plans/WORKOUT_SHARING_PHASE_2_PROMPT.md,119,0,329
Python,./backend/models(2).py,81,22,328
Markdown,./plans/WORKOUT_MODE_CARD_UX_IMPROVEMENTS_COMPLETE.md,101,0,328
Markdown,./plans/WORKOUT_MODE_REORDER_BEST_PRACTICES_IMPLEMENTATION.md,92,0,328
Markdown,./plans/LOGBOOK_V2_IMPLEMENTATION_STATUS_REPORT.md,112,2,326
Markdown,./plans/NOTES_BUTTON_IMPLEMENTATION_COMPLETE.md,104,0,325
Markdown,./plans/TWO_OFFCANVAS_EXERCISE_SEARCH_IMPLEMENTATION_PLAN.md,51,3,323
JavaScript,./frontend/assets/js/services/workout-lifecycle-manager.js,78,141,322
Markdown,./plans/AUTO_CREATE_EXERCISE_REFACTORING_PLAN.md,94,0,322
Markdown,./plans/PHASE_8_IMPLEMENTATION_COMPLETE.md,107,1,322
CSS,./frontend/assets/css/feedback-dropdown.css,90,99,321
Markdown,./plans/WORKOUT_MODE_REFACTORING_PHASE_2_PLAN.md,78,0,321
SCSS,./frontend/scss/_bootstrap-extended/_nav.scss,26,11,320
Markdown,./plans/DEPLOYMENT_GUIDE.md,103,0,319
Markdown,./plans/WEIGHT_LOGGING_NEXT_STEPS.md,86,0,318
Markdown,./plans/WORKOUT_SESSION_PERSISTENCE_ARCHITECTURE.md,91,0,318
Python,./backend/api/workout_sessions.py,94,72,316
Markdown,./plans/PHASE_8_LOGBOOK_V2_IMPLEMENTATION_PROMPT.md,70,8,315
Markdown,./plans/WEIGHT_LOGGING_FRONTEND_QUICK_START.md,73,0,315
Markdown,./plans/WORKOUT_BUILDER_DELETE_FEATURE_IMPLEMENTATION.md,82,1,315
Markdown,./plans/PHASE_4_STATUS_AND_RECOMMENDATIONS.md,83,0,311
JavaScript,./frontend/assets/js/components/workout-detail-modal.js,65,30,310
Markdown,./plans/WORKOUT_MODE_REORDER_BEST_PRACTICES_COMPLETE.md,92,0,309
Markdown,./plans/WORKOUT_SHARED_COMPONENTS_FINAL_SUMMARY.md,63,0,307
Markdown,./plans/AUTO_CREATE_CUSTOM_EXERCISES_LEAN_PLAN.md,77,0,306
Markdown,./plans/EXERCISE_HISTORY_TABLE_REDESIGN_COMPLETE.md,68,7,306
Markdown,./plans/WORKOUT_MODE_DEMO_V2_MIGRATION_COMPLETE.md,71,5,306
Markdown,./plans/WORKOUT_MODE_CONTROLLER_REFACTORING_COMPLETE_V2.md,86,0,305
JavaScript,./frontend/assets/js/components/base-page.js,84,40,304
Markdown,./plans/BONUS_EXERCISE_FEATURE_IMPLEMENTATION_SUMMARY.md,69,0,303
JavaScript,./frontend/assets/js/components/exercise-search-core.js,55,78,301
Markdown,./plans/REMAINING_PHASES_SUMMARY.md,95,0,298
Markdown,./plans/WEIGHT_LOGGING_COMPLETE_RECAP.md,81,0,298
Markdown,./plans/FIRESTORE_WEIGHT_LOGGING_SETUP.md,96,0,296
JavaScript,./frontend/assets/js/components/workout-card.js,65,75,295
Markdown,./plans/BOTTOM_ACTION_BAR_IMPLEMENTATION.md,98,0,295
Markdown,./plans/WORKOUT_MODE_LOGBOOK_DEMO_FEATURE_COMPARISON.md,95,0,294
Markdown,./plans/WORKOUT_MODE_REORDER_ACTIVE_SESSION_FIX_COMPLETE.md,87,2,294
Markdown,./plans/WORKOUT_MODE_SELECTION_ARCHITECTURE.md,83,3,294
Markdown,./plans/WEIGHT_DIRECTION_BUTTONS_REDESIGN_V2.md,70,0,293
Markdown,./plans/WORKOUT_MODE_PHASE_4_PLAN.md,75,0,293
Markdown,./plans/WORKOUT_MODE_REORDER_ACTIVE_SESSION_ISSUES.md,104,0,293
Markdown,./plans/WORKOUT_SESSION_PERSISTENCE_PROMPT.md,73,0,290
Markdown,./plans/WORKOUT_SHARING_IMPLEMENTATION_COMPLETE.md,116,0,290
Markdown,./plans/FEEDBACK_ADMIN_IMPLEMENTATION_SUMMARY.md,68,0,289
Markdown,./plans/WORKOUT_SESSION_PERSISTENCE_IMPLEMENTATION_SUMMARY.md,93,0,289
Markdown,./plans/RECENT_WORKOUTS_REFACTORING_IMPLEMENTATION_SUMMARY.md,64,3,288
Markdown,./plans/SEARCH_NAVBAR_INTEGRATION_IMPLEMENTATION_SUMMARY.md,79,0,288
Markdown,./DASHBOARD_V3_README.md,56,0,287
HTML,./frontend/profile.html,38,39,287
Markdown,./plans/RECENT_WORKOUTS_REFACTORING_PLAN.md,63,2,286
Markdown,./plans/DATABASE_COMPREHENSIVE_ANALYSIS_PLAN.md,70,0,284
Markdown,./plans/EQUIPMENT_MULTISELECT_SNEAT_REDESIGN.md,65,9,284
Markdown,./plans/WEIGHT_HISTORY_EXPANSION_PLAN.md,58,0,284
Markdown,./plans/WORKOUT_MODE_INVESTIGATION_REPORT.md,105,0,284
Markdown,./plans/CSS_CONSISTENCY_ANALYSIS_UPDATED.md,76,8,283
Markdown,./plans/FIREBASE_SETUP_GUIDE.md,102,0,282
Markdown,./plans/EXERCISE_HISTORY_VISUAL_REFINEMENT.md,62,0,281
Markdown,./plans/EXERCISE_SEARCH_MOBILE_UI_IMPROVEMENT_PLAN.md,72,0,281
Markdown,./plans/UNIFIED_OFFCANVAS_REFACTORING_PLAN_V2.md,73,0,280
JSON,./firestore.indexes.json,0,0,279
Markdown,./plans/UNIFIED_EDIT_MODE_IMPLEMENTATION_COMPLETE.md,79,2,279
Markdown,./plans/WORKOUT_DATABASE_FILTER_SORT_ANALYSIS.md,70,1,279
JavaScript,./frontend/assets/js/services/workout-data-manager.js,50,94,278
Markdown,./plans/PYTHON_SETUP_GUIDE.md,95,0,278
Markdown,./plans/BOTTOM_NAV_SEARCH_SLIDE_IMPLEMENTATION_SUMMARY.md,87,0,277
Markdown,./plans/EDIT_EXERCISE_OFFCANVAS_IMPLEMENTATION_COMPLETE.md,78,0,276
Markdown,./plans/SEARCH_STANDARDIZATION_PHASE_1_COMPLETE.md,76,2,276
JavaScript,./frontend/assets/js/services/feedback-admin-service.js,63,58,271
Markdown,./plans/WORKOUT_MODE_CONTROLLER_REFACTORING_ANALYSIS_FINAL.md,89,0,270
Markdown,./plans/WORKOUT_MODE_SSL_FIX.md,91,3,270
CSS,./frontend/assets/css/components/note-card.css,67,54,269
Markdown,./plans/EXERCISE_SEARCH_MOBILE_UI_FIXES.md,65,0,269
Markdown,./plans/FIXES_APPLIED_2025-11-11.md,60,3,268
Markdown,./plans/WORKOUT_MODE_PHASE_4_IMPLEMENTATION_COMPLETE.md,97,0,268
Markdown,./plans/WORKOUT_MODE_PRODUCTION_FILE_RESTORATION.md,99,11,268
Markdown,./plans/BONUS_TO_ADDITIONAL_EXERCISE_RENAME.md,78,14,267
Markdown,./plans/MOVE_PENCIL_ICON_TO_HEADER_PLAN.md,66,0,267
Markdown,./plans/WORKOUT_MODE_PHASES_4_7_COMPLETE.md,80,0,267
Python,./backend/scripts/import_exercises.py,87,86,266
JavaScript,./frontend/assets/js/components/pagination.js,68,27,266
CSS,./frontend/assets/css/components/feedback-button.css,69,56,265
Markdown,./plans/WORKOUT_MODE_CARD_LAYOUT_REDESIGN_IMPLEMENTATION.md,81,3,265
Markdown,./plans/WORKOUT_MODE_EXERCISE_SEARCH_FIX.md,53,0,264
Markdown,./plans/WORKOUT_MODE_PRE_SESSION_SKIP_REPLACE_PLAN.md,61,0,264
Markdown,./plans/WORKOUT_MODE_REORDER_TOGGLE_IMPLEMENTATION.md,64,1,264
CSS,./frontend/assets/css/workout-history.css,74,48,263
Markdown,./plans/SESSION_TIMER_INVESTIGATION_ANALYSIS.md,111,0,263
Markdown,./plans/WORKOUT_MODE_SELECTION_IMPLEMENTATION_SUMMARY.md,76,2,263
Markdown,./plans/QUICK_NOTES_COLLAPSED_CARD_INCONSISTENCY_ANALYSIS.md,103,0,262
Markdown,./plans/WORKOUTS_JS_REFACTORING_COMPLETE_SUMMARY.md,78,0,262
Markdown,./plans/WEIGHT_PROGRESSION_INDICATOR_IMPLEMENTATION_COMPLETE.md,83,0,261
Python,./backend/services/data_service.py,106,70,260
JavaScript,./frontend/assets/js/dashboard/public-workouts.js,61,68,260
JavaScript,./frontend/assets/js/services/workout-weight-manager.js,72,147,260
Markdown,./plans/WORKOUT_MODE_SETTINGS_OFFCANVAS_PLAN.md,52,0,260
Markdown,./plans/WORKOUT_MODE_CARD_LAYOUT_REDESIGN.md,60,4,258
Markdown,./plans/PHASE_7_LOGBOOK_V2_IMPLEMENTATION_PROMPT.md,52,2,257
Markdown,./plans/WORKOUT_BUILDER_AUTO_CREATE_IMPLEMENTATION_SUMMARY.md,86,0,257
Python,./backend/services/v2/document_service_v2.py,103,141,254
Markdown,./plans/EQUIPMENT_MULTISELECT_IMPLEMENTATION_SUMMARY.md,73,0,254
Markdown,./plans/WORKOUT_DATA_PERSISTENCE_PHASE_2_COMPLETE.md,65,0,254
JavaScript,./frontend/assets/js/modules/card-renderer.js,53,77,253
Markdown,./plans/EXERCISE_DATABASE_QUICKSTART.md,79,0,253
Markdown,./plans/PHASE_8_IMPLEMENTATION_ANALYSIS.md,86,3,253
Markdown,./plans/WEIGHT_DIRECTION_NOTES_UX_REDESIGN.md,78,0,253
JavaScript,./frontend/assets/js/components/workout-detail-offcanvas.js,56,75,251
Markdown,./plans/PLATE_CALCULATOR_IMPLEMENTATION_COMPLETE.md,55,0,251
Markdown,./plans/BONUS_EXERCISE_PRE_WORKOUT_TRANSFER_FIX.md,75,0,250
Markdown,./plans/DASHBOARD_HEADER_REDESIGN_COMPLETE.md,67,3,250
Markdown,./plans/FIRESTORE_CONSOLE_SETUP.md,84,0,250
Markdown,./plans/UNIFIED_EDITOR_V2_SHARED_BUTTONS_PLAN.md,73,1,250
Markdown,./plans/PHASE_7_TESTING_CHECKLIST.md,71,0,249
Markdown,./plans/WORKOUT_MODE_REORDER_ACTION_BUTTONS_FIX_COMPLETE.md,62,5,249
JavaScript,./frontend/assets/js/components/auth-modals-template.js,20,10,247
HTML,./frontend/workout-database.html,65,54,247
Markdown,./plans/CUSTOM_EXERCISE_SEARCH_PRIORITY_IMPLEMENTATION_SUMMARY.md,89,0,247
Markdown,./plans/PHASE_7_IMPLEMENTATION_COMPLETE.md,74,0,247
Markdown,./plans/WORKOUT_MODE_LOGBOOK_DEMO_LIGHT_THEME.md,55,4,247
Markdown,./plans/WORKOUT_MODE_REFACTORING_WEEK_3_COMPLETE.md,59,12,247
HTML,./frontend/index(2).html,23,24,246
Markdown,./plans/FEEDBACK_ADMIN_SYSTEM_PROMPT.md,54,0,246
Markdown,./plans/WEIGHT_LOGGING_FRONTEND_PROMPT.md,48,0,246
Markdown,./plans/SEARCH_BOX_RENDERING_ANALYSIS.md,68,0,245
Markdown,./plans/WORKOUT_CARD_SKIP_EDIT_IMPLEMENTATION_SUMMARY.md,60,0,245
Markdown,./plans/EQUIPMENT_MULTISELECT_FIX.md,58,2,244
Markdown,./plans/WORKOUT_DATABASE_REFACTORING_COMPLETE.md,44,0,244
Markdown,./plans/TWO_OFFCANVAS_EXERCISE_SEARCH_IMPLEMENTATION_COMPLETE.md,54,0,243
Markdown,./plans/EXERCISE_HISTORY_VISUAL_REFINEMENT_COMPLETE.md,59,0,242
Markdown,./plans/FEEDBACK_ADMIN_SETUP_GUIDE.md,84,0,241
Python,./backend/api/workouts.py,49,35,240
Markdown,./plans/AUTO_CREATE_CUSTOM_EXERCISES_IMPLEMENTATION_PLAN.md,80,0,240
Markdown,./plans/QUICK_NOTES_WEIGHT_BADGE_FIX.md,71,0,238
Python,./backend/services/migration_service.py,60,83,237
JavaScript,./frontend/assets/js/services/feedback-service.js,55,69,237
Markdown,./plans/AUTO_CREATE_EXERCISE_FIX_COMPLETE.md,71,0,237
Markdown,./plans/OFFCANVAS_BACKDROP_FIX_IMPLEMENTATION_PLAN.md,63,0,237
JavaScript,./frontend/assets/js/controllers/repssets-field-controller.js,53,109,234
Markdown,./plans/REPSSETS_SINGLE_TEXT_FIELD_IMPLEMENTATION_COMPLETE.md,67,0,234
Markdown,./plans/SEARCH_FAB_FIX_IMPLEMENTATION_SUMMARY.md,40,0,234
JavaScript,./frontend/assets/js/components/workout-grid.js,52,87,232
Markdown,./plans/WORKOUT_DATABASE_FILTER_SORT_IMPLEMENTATION.md,56,0,232
Markdown,./plans/WORKOUT_WEIGHT_ISSUES_ANALYSIS.md,71,1,232
Markdown,./plans/PHASE_8_IMPLEMENTATION_CHECKLIST.md,67,0,231
Markdown,./plans/BONUS_EXERCISE_SAVE_FIX_IMPLEMENTATION.md,53,0,230
Python,./backend/main.py,32,30,228
Markdown,./plans/BOTTOM_NAV_ALTERNATIVE_IMPLEMENTATION_COMPLETE.md,54,0,227
Markdown,./plans/EXERCISE_AUTOCOMPLETE_SNEAT_STANDARDIZATION_COMPLETE.md,71,2,227
Markdown,./plans/WORKOUT_DATABASE_CARD_FIXES.md,54,0,227
Markdown,./plans/WORKOUT_MODE_BACKEND_INTEGRATION_PLAN.md,61,0,227
Markdown,./plans/WORKOUT_MODE_PHASE3_ANALYSIS.md,74,0,227
Markdown,./plans/WORKOUT_MODE_REORDER_ISSUES_ANALYSIS.md,88,0,227
Markdown,./plans/TEST_WEIGHT_LOGGING.md,84,0,226
Markdown,./plans/WORKOUT_MODE_DEMO_GUIDE.md,59,0,226
Markdown,./plans/WORKOUT_MODE_LIST_FIX.md,77,0,226
Markdown,./plans/SEARCH_STANDARDIZATION_PHASE_2_COMPLETE.md,79,0,225
Markdown,./plans/WORKOUT_BUILDER_POPOVER_IMPLEMENTATION_SUMMARY.md,58,0,225
Markdown,./plans/WEIGHT_LOGGING_FILE_VERIFICATION.md,66,2,224
Markdown,./plans/RECENT_WORKOUTS_REFACTORING_DIAGRAM.md,48,0,223
Markdown,./plans/WORKOUT_MODE_START_BUTTON_REDESIGN.md,48,0,223
Markdown,./plans/WEIGHT_DIRECTION_BUTTONS_REDESIGN_COMPLETE.md,65,0,221
Markdown,./plans/DASHBOARD_HEADER_REDESIGN_OPTION_A.md,50,3,220
Markdown,./plans/SHARED_SEARCH_OVERLAY_COMPONENT_IMPLEMENTATION.md,63,0,220
Markdown,./plans/EXERCISE_DATABASE_SEARCH_OVERLAY_IMPLEMENTATION.md,66,1,219
Markdown,./plans/EXERCISE_DATABASE_UI_REDESIGN.md,49,5,219
Markdown,./plans/SHARE_LINK_FIX_ANALYSIS.md,70,0,219
Markdown,./plans/WEIGHT_LOGGING_BUG_FIX_20251107.md,66,0,219
Markdown,./plans/USER_DASHBOARD_QUICKSTART.md,52,0,218
Markdown,./plans/WORKOUT_MODE_REFACTORING_WEEK_2_COMPLETE.md,53,0,218
HTML,./frontend/_archive/demo-pages/workout-cards-demo.html,30,33,217
JavaScript,./frontend/assets/js/components/program-card.js,51,61,217
Markdown,./plans/WORKOUT_MODE_WEIGHT_LOADING_FIX.md,59,0,217
Markdown,./plans/CSS_CONSISTENCY_IMPLEMENTATION_COMPLETE.md,59,2,216
Markdown,./plans/STICKY_FOOTER_OVERLAP_FIX_COMPLETE.md,54,0,216
Markdown,./plans/ADDITIONAL_EXERCISE_BADGE_INDICATOR_FINAL.md,52,2,215
Markdown,./plans/WORKOUT_MODE_DEMO_V2_MIGRATION_QUICKSTART.md,65,25,214
Markdown,./plans/SEARCH_OVERLAY_ANALYSIS.md,72,2,213
Markdown,./plans/FEEDBACK_FIRESTORE_RULES.md,58,0,212
Markdown,./plans/HEADER_CONSISTENCY_ANALYSIS.md,55,13,211
Markdown,./plans/WORKOUT_BUILDER_MENU_STYLING_FIX.md,66,1,211
Markdown,./plans/WORKOUT_MODE_REORDER_ISSUES_FIX_COMPLETE.md,65,0,211
SCSS,./frontend/scss/_bootstrap-extended/forms/_input-group.scss,13,11,210
Markdown,./plans/FEEDBACK_DROPDOWN_IMPLEMENTATION_SUMMARY.md,52,3,210
Markdown,./plans/WORKOUT_MODE_PRE_SESSION_EDITING_PHASE1_COMPLETE.md,58,0,210
Markdown,./plans/WEIGHT_DIRECTION_BUTTONS_REDESIGN.md,40,0,208
Markdown,./plans/WEIGHT_LOGGING_QUICK_REFERENCE.md,37,0,207
JavaScript,./frontend/assets/js/profile/profile-manager.js,48,62,206
JavaScript,./frontend/assets/js/workout-mode-refactored.js,40,46,206
Markdown,./plans/RESUME_SESSION_OFFCANVAS_ENHANCEMENTS.md,52,0,205
Markdown,./plans/WEIGHT_LOGGING_TROUBLESHOOTING.md,56,1,205
Markdown,./plans/WORKOUTS_JS_REFACTORING_PHASE_1_COMPLETE.md,60,4,205
Markdown,./plans/WORKOUT_CARDS_FLASHING_FIX.md,63,0,205
Markdown,./plans/PHASE_6_LOGBOOK_V2_TESTING_AND_INTEGRATION_PROMPT.md,48,0,204
Markdown,./plans/RESUME_SESSION_AUTO_RESUME_THRESHOLD_COMPLETE.md,59,0,204
Markdown,./EXERCISE_HISTORY_QUICKSTART.md,49,0,203
Markdown,./plans/WORKOUTS_JS_REFACTORING_PHASE_3_COMPLETE.md,67,1,203
SCSS,./frontend/scss/_bootstrap-extended/_buttons.scss,30,14,202
Markdown,./plans/QUICK_NOTES_POPOVER_IMPLEMENTATION_PLAN.md,57,2,202
Markdown,./plans/QUICK_ACTIONS_CARD_RELOCATION_PLAN.md,51,3,201
Python,./backend/scripts/test_exercise_ranking.py,70,62,200
Markdown,./plans/LOCAL_DEPLOYMENT_MEMORY_LEAK_FIX.md,58,0,200
Markdown,./plans/SHARE_BUTTON_MOVE_PLAN.md,30,12,200
Markdown,./plans/PAGINATION_FIX_PLAN.md,59,0,199
Markdown,./plans/WEIGHT_LOGGING_USER_GUIDE.md,39,0,197
Markdown,./plans/WORKOUT_MODE_CLEANUP_REVIEW.md,73,3,197
Markdown,./plans/WORKOUT_MODE_PHASES_2_3_COMPLETE.md,61,2,197
Markdown,./plans/WORKOUT_MODE_REORDER_ISSUES_IMPLEMENTATION_PLAN.md,67,0,197
Markdown,./plans/WORKOUT_BUILDER_SAVE_BUTTON_FIX.md,64,2,196
JavaScript,./frontend/assets/js/dashboard/recent-workouts.js,38,17,195
JavaScript,./frontend/js/firebase/auth-service.js,56,15,195
HTML,./frontend/layouts-without-menu.html,38,35,195
Markdown,./plans/WORKOUT_MODE_EDITING_REORDER_FIXES_PLAN.md,59,0,195
Markdown,./plans/BONUS_EXERCISE_SEARCH_FILTER_SORT_ANALYSIS.md,48,0,194
JavaScript,./frontend/assets/js/components/quick-notes/quick-notes-popover.js,44,78,193
Markdown,./plans/BOTTOM_NAV_ALTERNATIVE_LAYOUT.md,58,0,193
Markdown,./plans/QUICK_ACTIONS_FINAL_OPTIMIZATION.md,42,2,193
Markdown,./plans/WEIGHT_EDITOR_V2_IMPLEMENTATION_COMPLETE.md,44,4,193
Markdown,./plans/WORKOUT_MODE_PHASE_1_COMPLETE.md,71,0,192
CSS,./frontend/assets/css/components/forms.css,53,45,189
Markdown,./plans/QUICK_ACTIONS_CARD_RELOCATION_SUMMARY.md,44,1,189
Markdown,./plans/QUICK_NOTES_POPOVER_UX_FIXES.md,66,1,189
CSS,./frontend/assets/css/components/badges.css,56,50,188
Markdown,./plans/WORKOUT_MODE_DEMO_V2_GUIDE.md,51,0,188
JavaScript,./frontend/assets/js/components/global-rest-timer.js,37,76,187
Python,./backend/api/exercises.py,39,17,186
Markdown,./plans/CUSTOM_EXERCISE_SEARCH_FIX_IMPLEMENTATION_SUMMARY.md,55,0,186
Markdown,./plans/START_BUTTON_AND_KELLY_GREEN_COLOR_PLAN.md,54,0,186
Markdown,./plans/WORKOUT_MODE_AUTH_TIMING_FIX.md,57,0,186
Markdown,./plans/CSS_CONSOLIDATION_IMPLEMENTATION_SUMMARY.md,53,0,185
JavaScript,./frontend/assets/js/dashboard/recent-session-card.js,34,56,183
JavaScript,./frontend/assets/js/services/feedback-injection-service.js,44,74,183
HTML,./frontend/workout-mode.html,78,73,182
Markdown,./plans/WORKOUT_MODE_EDITING_REORDER_CODE_REVIEW_PROMPT.md,67,0,182
JavaScript,./frontend/assets/js/modules/autosave-manager.js,42,75,181
Markdown,./plans/WORKOUT_FIXES_IMPLEMENTATION_SUMMARY.md,53,0,181
JavaScript,./frontend/assets/js/components/offcanvas/index.js,52,78,179
Markdown,./plans/REST_TIME_EDIT_FIX_IMPLEMENTATION_PLAN.md,45,0,179
Markdown,./plans/SEARCH_FUNCTIONALITY_FIX_SUMMARY.md,66,0,178
CSS,./frontend/assets/css/landing-page.css,43,23,177
Markdown,./plans/BONUS_TO_ADDITIONAL_EXERCISE_RENAME_COMPLETE.md,62,0,177
Markdown,./plans/EXERCISE_DATABASE_UI_REDESIGN_IMPLEMENTATION.md,42,0,177
Markdown,./plans/SEARCH_NAVBAR_INTEGRATION_CONFIDENCE_ASSESSMENT.md,50,0,177
CSS,./frontend/assets/css/components/quick-notes-popover.css,44,40,176
Markdown,./plans/WORKOUT_MODE_UX_IMPROVEMENT.md,47,0,176
Markdown,./plans/WORKOUT_SESSION_PERSISTENCE_QUICKSTART.md,77,0,176
Markdown,./plans/RAILWAY_DEPLOYMENT_TROUBLESHOOTING.md,61,2,174
JavaScript,./frontend/assets/js/components/workout-components.js,31,35,173
HTML,./frontend/public-workouts.html,49,48,173
JavaScript,./frontend/assets/js/services/feedback-voting-service.js,41,53,172
Markdown,./plans/AUTO_CREATE_CUSTOM_EXERCISES_FINAL_SUMMARY.md,38,0,172
Markdown,./plans/WORKOUT_MODE_PHASE2_CLEANUP_COMPLETE.md,59,0,172
Python,./backend/scripts/setup_weight_logging.py,56,24,171
CSS,./frontend/assets/css/components/filter-bar.css,54,43,171
CSS,./frontend/assets/css/feedback-admin.css,51,48,171
Markdown,./plans/MOBILE_KEYBOARD_AUTO_FOCUS_IMPLEMENTATION.md,51,0,171
Markdown,./plans/OFFCANVAS_UNIFICATION_SUMMARY.md,39,0,171
Python,./backend/services/favorites_service.py,45,63,170
Python,./backend/services/firebase_service.py,50,21,170
HTML,./frontend/workout-history.html,52,46,170
JavaScript,./frontend/assets/js/core/component-registry.js,38,65,169
Markdown,./plans/BONUS_EXERCISE_FEATURE_ARCHITECTURE.md,77,0,169
Markdown,./plans/FEEDBACK_GLOBAL_IMPLEMENTATION_SUMMARY.md,49,6,169
Markdown,./plans/RESUME_SESSION_AUTO_RESUME_THRESHOLD_FIX.md,56,0,169
Markdown,./plans/WORKOUT_MODE_LOGBOOK_DEMO_MIGRATION_PLAN.md,53,0,169
JavaScript,./frontend/assets/js/components/exercise-card-manager.js,39,93,168
Markdown,./plans/ADDITIONAL_EXERCISE_ICON_INDICATOR_COMPLETE.md,44,0,168
Markdown,./plans/WORKOUT_SAVE_ERROR_FIX.md,51,0,168
CSS,./frontend/assets/css/exercise-autocomplete.css,49,42,167
HTML,./frontend/exercise-database.html,43,46,167
Markdown,./plans/SEARCH_OVERLAY_CSS_FIX_SUMMARY.md,57,0,167
Markdown,./plans/WORKOUT_MODE_POPOVER_STYLING_IMPLEMENTATION.md,41,0,166
JavaScript,./frontend/assets/js/profile/account-deletion.js,39,52,165
JavaScript,./frontend/assets/js/services/workout-timer-manager.js,48,99,165
Markdown,./plans/AUTH_MODAL_REMOVAL_SUMMARY.md,51,0,165
Markdown,./plans/PHASE_2_BUTTON_LAYOUT_GUIDE.md,38,6,165
Markdown,./plans/SEARCH_BOX_UNIFICATION_COMPLETE.md,60,0,165
Markdown,./plans/WORKOUT_MODE_CONTROLLER_CLEANUP_COMPLETE.md,70,0,165
CSS,./frontend/assets/css/exercise-database.css,40,25,163
JavaScript,./frontend/assets/js/menu-navigation.js,30,26,163
Markdown,./plans/FIREBASE_DEPLOYMENT_GUIDE.md,79,0,163
Markdown,./plans/OFFCANVAS_UNIFICATION_COMPLETE.md,44,1,162
Markdown,./plans/WEIGHT_EDITOR_DIY_MODE_FIX_PLAN.md,44,5,162
Markdown,./plans/WEIGHT_UNIT_DIY_LABEL_FIX.md,59,0,162
Markdown,./plans/FEEDBACK_GLOBAL_IMPLEMENTATION_PLAN.md,46,3,161
Markdown,./plans/WORKOUT_MODE_UI_IMPROVEMENTS_COMPLETE.md,45,0,161
Markdown,./plans/WORKOUT_NAVIGATION_UNIFICATION_PLAN.md,43,0,161
Markdown,./plans/BOTTOM_NAV_LAYOUT_UNIFICATION.md,39,0,160
Markdown,./plans/SESSION_TIMER_FIX_COMPLETE.md,56,0,160
JavaScript,./frontend/assets/js/components/offcanvas/offcanvas-notes.js,21,43,159
Markdown,./plans/FEEDBACK_ADMIN_AUTH_FIX.md,46,0,159
HTML,./frontend/auth-login-basic.html,32,23,158
HTML,./frontend/auth-register-basic.html,32,23,158
Markdown,./plans/WORKOUT_BUILDER_RENAME_SUMMARY.md,51,0,158
Markdown,./plans/WORKOUT_SHARING_SECURITY_RULES.md,56,0,158
Python,./backend/scripts/update_exercise_classifications.py,56,48,156
Markdown,./plans/BONUS_EXERCISE_PRE_WORKOUT_TRANSFER_IMPLEMENTATION_COMPLETE.md,46,0,156
CSS,./frontend/assets/vendor/libs/perfect-scrollbar/perfect-scrollbar.css,11,19,155
Markdown,./plans/BONUS_EXERCISE_SEARCH_FIX_IMPLEMENTATION.md,34,0,155
Markdown,./plans/FIRESTORE_INSPECTION_ENHANCEMENT.md,26,0,155
Markdown,./plans/PHASE_5_LOGBOOK_V2_CONTROLLER_INITIALIZATION_COMPLETE.md,40,2,155
Markdown,./plans/WORKOUT_MODE_PRE_SESSION_SKIP_REPLACE_COMPLETE.md,45,0,155
Markdown,./plans/LOGBOOK_V2_PROGRESS_SUMMARY.md,42,0,154
Markdown,./plans/MIGRATION_MODAL_COMPLETE_REMOVAL.md,52,2,154
JavaScript,./frontend/assets/js/services/auto-create-exercise-service.js,43,54,153
JavaScript,./frontend/assets/js/utils/common-utils.js,26,69,153
Markdown,./plans/BOOTSTRAP_SCROLL_ERROR_COMPLETE_FIX.md,50,0,153
Markdown,./plans/OFFCANVAS_BACKDROP_FIX_SUMMARY.md,47,0,153
Markdown,./plans/OFFCANVAS_BACKDROP_ISSUE_ANALYSIS.md,42,0,153
Python,./backend/api/data.py,42,26,152
Markdown,./plans/WORKOUT_MODE_ACTION_BAR_INVESTIGATION.md,62,0,152
JavaScript,./frontend/assets/js/main.js,27,40,151
Markdown,./plans/SEARCH_FUNCTIONALITY_DEBUG_PROMPT.md,39,0,151
Markdown,./plans/SEARCH_FUNCTIONALITY_VERIFICATION.md,50,0,151
HTML,./frontend/test-search-fab.html,23,10,150
Markdown,./plans/RAILWAY_DEPLOYMENT.md,53,0,149
JavaScript,./frontend/assets/js/dashboard/dashboard-workout-card.js,31,61,148
JavaScript,./frontend/assets/js/components/offcanvas/offcanvas-menu.js,13,30,147
JavaScript,./frontend/assets/js/core/page-initializer.js,27,74,146
Markdown,./plans/WORKOUT_SHARING_URL_FIX.md,48,0,146
JavaScript,./frontend/assets/js/components/inline-rest-timer.js,26,63,145
JavaScript,./frontend/assets/js/services/navbar-injection-service.js,32,52,145
Markdown,./plans/SEARCH_NAVBAR_INTEGRATION_QUICKSTART.md,45,0,145
JavaScript,./frontend/assets/js/controllers/workout-builder-card-menu.js,32,61,144
Markdown,./plans/NAVBAR_FIXES_SUMMARY.md,46,0,144
Markdown,./plans/SHARE_OFFCANVAS_CONVERSION_COMPLETE.md,41,1,144
CSS,./frontend/assets/css/components/buttons.css,38,46,142
JavaScript,./frontend/assets/js/profile/password-manager.js,33,33,142
CSS,./frontend/assets/vendor/libs/highlight/highlight.css,33,32,142
Markdown,./plans/WORKOUT_MODE_PHASE_1_PROGRESS.md,52,0,140
CSS,./frontend/assets/css/components/fab-search-dropdown.css,33,36,139
Markdown,./plans/README.md,44,0,139
Markdown,./plans/WORKOUT_MODE_POPOVER_STYLING_PLAN.md,42,0,139
JavaScript,./frontend/assets/js/services/workout-ui-state-manager.js,35,63,138
Markdown,./plans/WORKOUT_MODE_TEMPLATE_WEIGHT_UPDATE.md,35,0,138
Markdown,./plans/FAVORITES_BUTTON_404_FIX.md,49,0,137
JavaScript,./frontend/assets/js/services/theme-manager.js,33,73,136
HTML,./frontend/dashboard.html,43,52,136
Markdown,./plans/BONUS_EXERCISE_FIX_COMPLETE_SUMMARY.md,38,0,136
Markdown,./plans/BONUS_EXERCISE_OFFCANVAS_FIX_IMPLEMENTATION_COMPLETE.md,40,0,136
Markdown,./plans/EXERCISE_DATABASE_FAVORITES_BUTTON_UPDATE.md,38,0,136
Python,./backend/scripts/inspect_firestore_structure.py,37,20,135
JavaScript,./frontend/assets/js/components/search-overlay.js,40,68,135
Markdown,./plans/WORKOUTS_JS_REFACTORING_PHASE_2_COMPLETE.md,38,0,135
Markdown,./plans/WORKOUT_MODE_CLEANUP_PHASE_1_COMPLETE.md,55,0,135
Python,./backend/services/auth_service.py,37,18,133
Markdown,./plans/RESUME_SESSION_THRESHOLD_FINAL_FIX.md,38,0,133
Markdown,./plans/WORKOUT_MODE_ACTION_BAR_FIX.md,44,0,133
Markdown,./plans/WORKOUT_MODE_CONTROLLER_CLEANUP_PLAN.md,47,0,133
Markdown,./.kilocode/rules/ghost_gym_v2_global_rules.md,35,0,132
JavaScript,./frontend/assets/js/dashboard/weekly-progress.js,22,45,132
HTML,./frontend/auth-forgot-password-basic.html,30,23,132
Markdown,./plans/WORKOUT_MODE_PHASE1_CLEANUP_COMPLETE.md,56,0,131
Markdown,./plans/WORKOUT_SHARING_SAVE_FIX.md,42,1,131
Markdown,./plans/EXERCISE_DATABASE_UI_REDESIGN_FINAL.md,30,5,130
Markdown,./plans/WORKOUT_MODE_REORDER_SESSION_START_FIX.md,34,0,130
Markdown,./plans/WORKOUT_MODE_REFACTORING_WEEK_1_COMPLETE.md,41,0,129
JavaScript,./frontend/assets/js/controllers/unified-notes-controller.js,35,79,127
Markdown,./plans/ADD_EXERCISE_OFFCANVAS_UNIFICATION.md,35,0,127
JavaScript,./frontend/assets/js/components/fab-search-dropdown.js,32,47,126
Python,./backend/api/sharing.py,27,13,125
Markdown,./plans/RAILWAY_API_CONFIGURATION.md,47,0,124
Markdown,./plans/RESUME_SESSION_OFFCANVAS_IMPLEMENTATION_COMPLETE.md,36,0,124
Markdown,./plans/WORKOUT_DATABASE_SEARCH_IMPLEMENTATION.md,28,0,124
SCSS,./frontend/scss/_bootstrap-extended/_card.scss,16,13,123
Markdown,./plans/BOOTSTRAP_SCROLL_ERROR_JUTTER_FIX.md,41,0,123
Markdown,./plans/BONUS_EXERCISE_SAVE_FIX_COMPLETE_ANALYSIS.md,38,0,122
Markdown,./plans/CUSTOM_EXERCISE_SEARCH_FIX_PLAN.md,40,0,122
Markdown,./plans/WEIGHT_DIRECTION_BUTTONS_IMPLEMENTATION_COMPLETE.md,28,0,122
CSS,./frontend/assets/css/components.css,33,61,121
JavaScript,./frontend/assets/js/components/note-card-renderer.js,11,39,119
Markdown,./backend/scripts/firestore_structure_summary.md,27,0,118
Python,./backend/scripts/pull_user_data.py,36,17,118
Markdown,./plans/EXERCISE_DATABASE_FIXES_SUMMARY.md,38,0,118
Markdown,./plans/SEARCH_FAB_FIX_PLAN.md,33,0,116
JavaScript,./frontend/assets/js/dashboard/views.js,16,22,115
Markdown,./plans/WORKOUT_MODE_DARK_MODE_FIX.md,32,0,115
Markdown,./.kilocode/rules/README.md,35,0,114
CSS,./frontend/assets/css/components/search-overlay.css,26,30,114
SCSS,./frontend/scss/_components/_avatar.scss,21,6,114
Markdown,./plans/BONUS_EXERCISE_DISAPPEARING_FIX_FINAL.md,24,0,114
Markdown,./plans/SEARCH_BOX_NATIVE_CLEAR_BUTTON_FIX.md,48,3,114
Markdown,./plans/WORKOUT_LIBRARY_BUTTON_FIX.md,30,0,114
Markdown,./plans/PHASE_2_TROUBLESHOOTING.md,45,0,112
JavaScript,./frontend/assets/js/services/menu-injection-service.js,30,50,110
Markdown,./plans/WORKOUT_MODE_FOOTER_ALIGNMENT_FIX.md,36,2,109
Python,./backend/api/favorites.py,25,14,108
SCSS,./frontend/scss/_bootstrap-extended/_button-group.scss,19,7,108
Markdown,./plans/BONUS_EXERCISE_FAVORITES_FILTER_FIX.md,27,0,107
Markdown,./plans/BONUS_EXERCISE_SEARCH_FILTER_SORT_COMPLETE.md,37,0,107
SCSS,./frontend/scss/_bootstrap-extended/_pagination.scss,9,9,105
Python,./backend/api/user_profile.py,33,34,104
JavaScript,./frontend/assets/js/controllers/unified-edit-controller.js,35,56,103
JavaScript,./frontend/assets/js/services/plate-calculator-service.js,25,44,103
CSS,./frontend/assets/css/components/bonus-exercise-search.css,28,26,102
SCSS,./frontend/scss/_bootstrap-extended/_tables.scss,12,10,102
Python,./backend/config/firebase_config.py,27,31,101
JavaScript,./frontend/assets/js/components/menu-template.js,15,17,101
JavaScript,./frontend/assets/js/components/offcanvas/offcanvas-manager.js,28,61,101
SCSS,./frontend/scss/_bootstrap-extended/_modal.scss,16,14,101
Markdown,./plans/MENU_RESTRUCTURING_2025-11-30.md,26,0,101
Markdown,./plans/WORKOUT_MODE_ACTION_BUTTONS_FREEZE_ANALYSIS.md,44,0,100
Markdown,./plans/AUTHENTICATION_SYSTEM_ANALYSIS.md,45,0,99
Markdown,./plans/RESUME_SESSION_AUTH_TIMING_FIX.md,34,0,99
Python,./backend/api/documents.py,28,21,98
Markdown,./plans/LOCAL_DEPLOYMENT_MEMORY_LEAK_ANALYSIS.md,25,0,98
Markdown,./plans/WORKOUT_DATA_PERSISTENCE_PHASE_3_BUG_FIX.md,38,0,98
Markdown,./plans/NEW_WORKOUT_BUTTON_FIX.md,28,0,97
Markdown,./plans/WORKOUT_MODE_CARD_ANIMATION_SPEED_FIX.md,27,0,97
HTML,./frontend/exercise-history-demo.html,37,40,94
JavaScript,./frontend/assets/js/components/template-note-card-renderer.js,14,41,93
Markdown,./plans/WEIGHT_FIELD_DEBUG_SUMMARY.md,35,0,92
Markdown,./plans/WORKOUT_MODE_PHASE3_ITEM1_CLEANUP_COMPLETE.md,41,0,92
Markdown,./plans/BOOTSTRAP_SCROLL_ERROR_COMPLETE_FIX_V2.md,31,0,89
Markdown,./plans/SHARE_LINK_FIX_COMPLETE.md,30,0,89
JavaScript,./frontend/assets/js/utils/toast-notifications.js,20,33,87
Markdown,./plans/BONUS_EXERCISE_OFFCANVAS_SCROLL_ERROR_ANALYSIS.md,31,0,87
Markdown,./plans/CANCEL_BUTTON_MOVE_PLAN.md,14,1,87
Markdown,./plans/WORKOUT_NAVIGATION_UNIFICATION_COMPLETE.md,28,0,87
JavaScript,./frontend/assets/js/utils/workout-utils.js,24,46,86
SCSS,./frontend/libs/apex-charts/apex-charts.scss,11,4,85
Markdown,./backend/scripts/firestore_schema_current.md,14,0,84
Python,./backend/scripts/migrate_favorites_structure.py,32,19,84
CSS,./frontend/assets/vendor/css/pages/page-auth.css,0,2,84
Markdown,./gotenberg-service/README.md,33,0,84
Markdown,./plans/MOBILE_KEYBOARD_AUTO_POPUP_DEBUG.md,26,0,84
CSS,./frontend/assets/css/demo.css,14,16,83
JavaScript,./frontend/assets/js/dashboard/stats-widget.js,17,34,83
JavaScript,./frontend/assets/js/firebase-loader.js,11,15,83
Markdown,./plans/WEIGHT_LOGGING_ENV_FIX.md,32,0,82
Snakemake,./firestore.rules,22,0,80
Markdown,./plans/FAVORITES_FIX_COMPLETE.md,21,0,80
JavaScript,./frontend/assets/js/components/offcanvas/offcanvas-helpers.js,17,56,79
SCSS,./frontend/scss/_components/_text-divider.scss,13,4,79
SCSS,./frontend/scss/_components/_variables.scss,21,11,79
Markdown,./plans/WORKOUT_SHARING_ARCHITECTURE_ANALYSIS.md,33,0,79
SCSS,./frontend/scss/_bootstrap-extended/forms/_form-check.scss,5,7,77
Python,./backend/api/auth.py,21,11,75
Markdown,./plans/TOP_NAVBAR_QUICKSTART.md,38,0,75
JavaScript,./frontend/assets/js/components/quick-notes/quick-notes-config.js,5,19,73
SCSS,./frontend/libs/perfect-scrollbar/perfect-scrollbar.scss,12,1,72
PowerShell,./gotenberg-service/deploy.ps1,8,5,72
Markdown,./plans/SHARE_BUTTON_MOVE_TESTING.md,16,0,72
Markdown,./plans/WORKOUT_MODE_SELECTION_FIX.md,31,1,72
Python,./backend/middleware/auth.py,31,45,71
JavaScript,./frontend/assets/js/dashboard/ui-helpers.js,17,47,70
Markdown,./CLAUDE.md,16,0,69
Python,./backend/services/v2/gotenberg_client.py,16,20,69
SCSS,./frontend/scss/_bootstrap-extended/forms/_form-control.scss,7,7,69
Python,./backend/scripts/check_firebase_config.py,11,8,68
Python,./backend/scripts/migrate_add_popularity_fields.py,24,11,68
SCSS,./frontend/scss/_components/_app-brand.scss,13,5,68
Markdown,./plans/BONUS_EXERCISE_SAVE_FIX_ANALYSIS.md,15,0,68
Markdown,./plans/FOOTER_REMOVAL_SUMMARY.md,25,2,68
Markdown,./plans/CLEANUP_RECOMMENDATIONS.md,21,0,67
SCSS,./frontend/scss/_bootstrap-extended/_accordion.scss,5,3,66
SCSS,./frontend/scss/pages/page-auth.scss,5,2,66
Markdown,./plans/BONUS_EXERCISE_SEARCH_FIX.md,17,0,66
Python,./backend/api/health.py,11,7,64
Markdown,./plans/CUSTOM_EXERCISE_FAVORITES_FIX.md,20,0,64
Markdown,./plans/CANCEL_BUTTON_MOVE_TESTING.md,12,0,63
Markdown,./plans/BONUS_EXERCISE_OFFCANVAS_FIX_SUMMARY.md,18,0,62
Python,./run(2).py,11,13,61
Python,./run.py,12,16,61
HTML,./frontend/builder.html,0,0,60
JavaScript,./frontend/js/firebase/firebase-init.js,15,11,59
SCSS,./frontend/scss/_bootstrap-extended/_popover.scss,5,4,59
SCSS,./frontend/scss/_bootstrap-extended/_toasts.scss,6,5,59
Markdown,./plans/FEEDBACK_DROPDOWN_CSS_INTEGRATION.md,24,0,59
Markdown,./plans/RESUME_SESSION_OFFCANVAS_AUTO_RESUME_FIX.md,24,0,58
CSS,./frontend/assets/css/components/sticky-footer.css,17,30,57
SCSS,./frontend/scss/_bootstrap-extended/_dropdown.scss,9,5,57
HTML,./frontend/pages-misc-error.html,30,21,56
SCSS,./frontend/scss/_bootstrap-extended/_reboot.scss,12,3,56
Python,./backend/api/dependencies.py,21,18,55
HTML,./frontend/pages-misc-under-maintenance.html,30,21,55
SCSS,./frontend/scss/_bootstrap-extended/_alert.scss,5,7,55
SCSS,./frontend/scss/_bootstrap-extended/forms/_form-select.scss,1,2,55
SCSS,./frontend/scss/_bootstrap-extended/_list-group.scss,7,5,54
HTML,./frontend/test-accordion.html,1,0,53
Python,./test_favorites_routes.py,13,8,52
Markdown,./plans/PHASE_1_DEAD_CODE_REMOVAL_COMPLETE.md,23,0,51
SCSS,./frontend/scss/_components/_footer.scss,5,2,49
SCSS,./frontend/scss/_bootstrap-extended/forms/_form-range.scss,7,4,48
SCSS,./frontend/scss/_bootstrap-extended/_carousel.scss,2,2,46
SCSS,./frontend/scss/_components/_base.scss,10,9,45
Markdown,./.kilocode/rules/frontend_standards.md,8,0,44
JavaScript,./frontend/assets/js/app-config.js,11,23,43
SCSS,./frontend/scss/_bootstrap-extended/_functions.scss,16,14,43
Python,./backend/scripts/generate_seed_exercises.py,13,20,41
HTML,./frontend/layouts-blank.html,30,18,41
SCSS,./frontend/scss/_bootstrap-extended/mixins/_caret.scss,4,2,40
SCSS,./frontend/scss/pages/page-icons.scss,7,2,38
SCSS,./frontend/scss/_bootstrap-extended/_root.scss,12,10,37
SCSS,./frontend/scss/_bootstrap.scss,3,3,35
Markdown,./.kilocode/rules/api_standards.md,6,0,34
SCSS,./frontend/scss/_bootstrap-extended/mixins/_border-radius.scss,8,3,32
SCSS,./frontend/scss/_components/_common.scss,9,6,32
Bourne Shell,./gotenberg-service/deploy.sh,10,5,32
CSS,./frontend/assets/vendor/css/pages/page-icons.css,1,2,31
JavaScript,./frontend/assets/js/config.js,2,9,30
SCSS,./frontend/scss/_bootstrap-extended.scss,3,4,29
SCSS,./frontend/scss/_bootstrap-extended/_breadcrumb.scss,6,2,28
SCSS,./frontend/scss/_components/_root.scss,0,1,24
TOML,./gotenberg-service/railway.toml,6,0,23
SCSS,./frontend/scss/_bootstrap-extended/_navbar.scss,2,3,21
SCSS,./frontend/scss/_bootstrap-extended/_progress.scss,3,2,20
SCSS,./frontend/scss/_bootstrap-extended/_badge.scss,3,4,19
SCSS,./frontend/scss/_bootstrap-extended/forms/_floating-labels.scss,1,3,19
Markdown,./backend/scripts/analysis_results/db_analysis_report.md,12,0,17
CSS,./frontend/assets/vendor/css/pages/page-misc.css,0,2,17
SCSS,./frontend/scss/_bootstrap-extended/_spinners.scss,4,4,17
CSV,./line_counts.csv,0,0,16
JSON,./backend/scripts/analysis_results/db_statistics.json,0,0,15
SCSS,./frontend/scss/_bootstrap-extended/_offcanvas.scss,2,3,13
SCSS,./frontend/scss/_colors.scss,1,2,13
JSON,./ghost-gym-v3-firebase-adminsdk-fbsvc-a5ade29299.json,0,0,13
Python,./backend/api/__init__.py,2,4,12
SCSS,./frontend/scss/pages/page-misc.scss,3,2,12
Markdown,./frontend/_archive/README.md,5,0,11
SCSS,./frontend/scss/_bootstrap-extended/helpers/_color-bg.scss,1,0,11
JSON,./backend/scripts/analysis_results/db_issues_found.json,0,0,10
SCSS,./frontend/scss/_bootstrap-extended/mixins/_misc.scss,3,4,10
SCSS,./frontend/scss/_components.scss,1,1,10
TOML,./railway.toml,2,0,10
JSON,./backend/scripts/analysis_results/db_recommendations.json,0,0,9
SCSS,./frontend/scss/_bootstrap-extended/_tooltip.scss,3,3,9
SCSS,./frontend/scss/_bootstrap-extended/forms/_labels.scss,3,3,9
JSON,./.claude/settings.local.json,0,0,8
SCSS,./frontend/scss/_bootstrap-extended/_include.scss,2,3,8
SCSS,./frontend/scss/_bootstrap-extended/_forms.scss,1,2,7
SCSS,./frontend/scss/_bootstrap-extended/_type.scss,2,1,7
Text,./requirements.txt,0,0,7
JSON,./firebase.json,0,0,6
JavaScript,./frontend/libs/jquery/jquery.js,2,0,6
JavaScript,./frontend/assets/js/ghost-gym-dashboard.js,1,16,5
JavaScript,./frontend/js/bootstrap.js,2,0,5
JavaScript,./frontend/libs/apex-charts/apexcharts.js,2,0,5
JavaScript,./frontend/libs/highlight/highlight.js,2,0,5
JavaScript,./frontend/libs/masonry/masonry.js,2,0,5
JavaScript,./frontend/libs/perfect-scrollbar/perfect-scrollbar.js,2,0,5
JavaScript,./frontend/libs/popper/popper.js,3,2,5
SCSS,./frontend/scss/core.scss,0,0,5
Text,./requirements(1).txt,0,0,5
JSON,./backend/data/programs.json,0,0,3
JSON,./backend/data/workouts.json,0,0,3
Python,./backend/services/v2/__init__.py,3,5,3
SCSS,./frontend/scss/_bootstrap-extended/_mixins.scss,0,1,3
SCSS,./frontend/scss/_components/_include.scss,3,3,3
Dockerfile,./gotenberg-service/Dockerfile.railway,2,3,3
SCSS,./frontend/libs/highlight/highlight.scss,0,0,2
CSV,./backend/scripts/analysis_results/users_list.csv,0,0,1
Text,./frontend/assets/img/icons/muscles/mycollection/backup.txt,0,0,1
JavaScript,./frontend/assets/vendor/js/bootstrap.js,0,0,1
JavaScript,./frontend/assets/vendor/js/helpers.js,0,0,1
JavaScript,./frontend/assets/vendor/js/menu.js,0,0,1
JavaScript,./frontend/assets/vendor/libs/apex-charts/apexcharts.js,0,0,1
JavaScript,./frontend/assets/vendor/libs/highlight/highlight.js,0,0,1
JavaScript,./frontend/assets/vendor/libs/jquery/jquery.js,0,0,1
JavaScript,./frontend/assets/vendor/libs/masonry/masonry.js,0,0,1
JavaScript,./frontend/assets/vendor/libs/perfect-scrollbar/perfect-scrollbar.js,0,0,1
JavaScript,./frontend/assets/vendor/libs/popper/popper.js,0,0,1
SCSS,./frontend/libs/highlight/highlight-github.scss,0,0,1
SCSS,./frontend/scss/_bootstrap-extended/_helpers.scss,0,0,1
Text,./runtime.txt,0,0,1
Python,./backend/__init__.py,0,1,0
Python,./backend/config/__init__.py,0,3,0
Python,./backend/middleware/__init__.py,0,3,0
Python,./backend/services/__init__.py,0,1,0
SCSS,./frontend/scss/_custom-styles.scss,1,4,0
SCSS,./frontend/scss/_custom-variables/_bootstrap-extended.scss,1,6,0
SCSS,./frontend/scss/_custom-variables/_components.scss,1,5,0
SUM,,56337,18896,444661
